"Povpre迫e mese迫e bruto pla泊 (EUR) v javnem in zasebnem sektorju po dose룐ni izobrazbi in spolu, Slovenija, letno"

"SEKTOR";"DOSE꾄NA IZOBRAZBA";"SPOL";"MERITVE";"LETO";Povpre迫e mese迫e bruto pla泊 v javnem in zasebnem sektorju (EUR)
"1 Javni in zasebni sektor - SKUPAJ";"Izobrazba - Skupaj";"Spol - SKUPAJ";"Povpre縛e";"2009";1477
"1 Javni in zasebni sektor - SKUPAJ";"Izobrazba - Skupaj";"Spol - SKUPAJ";"Povpre縛e";"2010";1538
"1 Javni in zasebni sektor - SKUPAJ";"Izobrazba - Skupaj";"Spol - SKUPAJ";"Povpre縛e";"2011";1582
"1 Javni in zasebni sektor - SKUPAJ";"Izobrazba - Skupaj";"Spol - SKUPAJ";"Povpre縛e";"2012";1601
"1 Javni in zasebni sektor - SKUPAJ";"Izobrazba - Skupaj";"Spol - SKUPAJ";"Povpre縛e";"2013";1598
"1 Javni in zasebni sektor - SKUPAJ";"Izobrazba - Skupaj";"Spol - SKUPAJ";"Povpre縛e";"2014";1637
"1 Javni in zasebni sektor - SKUPAJ";"Izobrazba - Skupaj";"Spol - SKUPAJ";"Povpre縛e";"2015";1652
"1 Javni in zasebni sektor - SKUPAJ";"Izobrazba - Skupaj";"Spol - SKUPAJ";"Povpre縛e";"2016";1686
"1 Javni in zasebni sektor - SKUPAJ";"Izobrazba - Skupaj";"Spol - SKUPAJ";"Povpre縛e";"2017";1722
"1 Javni in zasebni sektor - SKUPAJ";"Izobrazba - Skupaj";"Spol - SKUPAJ";"Povpre縛e";"2018";1778
"1 Javni in zasebni sektor - SKUPAJ";"Izobrazba - Skupaj";"Spol - SKUPAJ";"Povpre縛e";"2019";1851
"1 Javni in zasebni sektor - SKUPAJ";"Izobrazba - Skupaj";"Mo뚊i";"Povpre縛e";"2009";1496
"1 Javni in zasebni sektor - SKUPAJ";"Izobrazba - Skupaj";"Mo뚊i";"Povpre縛e";"2010";1564
"1 Javni in zasebni sektor - SKUPAJ";"Izobrazba - Skupaj";"Mo뚊i";"Povpre縛e";"2011";1617
"1 Javni in zasebni sektor - SKUPAJ";"Izobrazba - Skupaj";"Mo뚊i";"Povpre縛e";"2012";1639
"1 Javni in zasebni sektor - SKUPAJ";"Izobrazba - Skupaj";"Mo뚊i";"Povpre縛e";"2013";1639
"1 Javni in zasebni sektor - SKUPAJ";"Izobrazba - Skupaj";"Mo뚊i";"Povpre縛e";"2014";1678
"1 Javni in zasebni sektor - SKUPAJ";"Izobrazba - Skupaj";"Mo뚊i";"Povpre縛e";"2015";1698
"1 Javni in zasebni sektor - SKUPAJ";"Izobrazba - Skupaj";"Mo뚊i";"Povpre縛e";"2016";1733
"1 Javni in zasebni sektor - SKUPAJ";"Izobrazba - Skupaj";"Mo뚊i";"Povpre縛e";"2017";1770
"1 Javni in zasebni sektor - SKUPAJ";"Izobrazba - Skupaj";"Mo뚊i";"Povpre縛e";"2018";1837
"1 Javni in zasebni sektor - SKUPAJ";"Izobrazba - Skupaj";"Mo뚊i";"Povpre縛e";"2019";1900
"1 Javni in zasebni sektor - SKUPAJ";"Izobrazba - Skupaj";"꾠nske";"Povpre縛e";"2009";1453
"1 Javni in zasebni sektor - SKUPAJ";"Izobrazba - Skupaj";"꾠nske";"Povpre縛e";"2010";1506
"1 Javni in zasebni sektor - SKUPAJ";"Izobrazba - Skupaj";"꾠nske";"Povpre縛e";"2011";1542
"1 Javni in zasebni sektor - SKUPAJ";"Izobrazba - Skupaj";"꾠nske";"Povpre縛e";"2012";1555
"1 Javni in zasebni sektor - SKUPAJ";"Izobrazba - Skupaj";"꾠nske";"Povpre縛e";"2013";1551
"1 Javni in zasebni sektor - SKUPAJ";"Izobrazba - Skupaj";"꾠nske";"Povpre縛e";"2014";1589
"1 Javni in zasebni sektor - SKUPAJ";"Izobrazba - Skupaj";"꾠nske";"Povpre縛e";"2015";1598
"1 Javni in zasebni sektor - SKUPAJ";"Izobrazba - Skupaj";"꾠nske";"Povpre縛e";"2016";1631
"1 Javni in zasebni sektor - SKUPAJ";"Izobrazba - Skupaj";"꾠nske";"Povpre縛e";"2017";1664
"1 Javni in zasebni sektor - SKUPAJ";"Izobrazba - Skupaj";"꾠nske";"Povpre縛e";"2018";1708
"1 Javni in zasebni sektor - SKUPAJ";"Izobrazba - Skupaj";"꾠nske";"Povpre縛e";"2019";1790
"1 Javni in zasebni sektor - SKUPAJ";"Osnovno뚎lska ali manj";"Spol - SKUPAJ";"Povpre縛e";"2009";895
"1 Javni in zasebni sektor - SKUPAJ";"Osnovno뚎lska ali manj";"Spol - SKUPAJ";"Povpre縛e";"2010";952
"1 Javni in zasebni sektor - SKUPAJ";"Osnovno뚎lska ali manj";"Spol - SKUPAJ";"Povpre縛e";"2011";993
"1 Javni in zasebni sektor - SKUPAJ";"Osnovno뚎lska ali manj";"Spol - SKUPAJ";"Povpre縛e";"2012";1022
"1 Javni in zasebni sektor - SKUPAJ";"Osnovno뚎lska ali manj";"Spol - SKUPAJ";"Povpre縛e";"2013";1037
"1 Javni in zasebni sektor - SKUPAJ";"Osnovno뚎lska ali manj";"Spol - SKUPAJ";"Povpre縛e";"2014";1068
"1 Javni in zasebni sektor - SKUPAJ";"Osnovno뚎lska ali manj";"Spol - SKUPAJ";"Povpre縛e";"2015";1087
"1 Javni in zasebni sektor - SKUPAJ";"Osnovno뚎lska ali manj";"Spol - SKUPAJ";"Povpre縛e";"2016";1103
"1 Javni in zasebni sektor - SKUPAJ";"Osnovno뚎lska ali manj";"Spol - SKUPAJ";"Povpre縛e";"2017";1135
"1 Javni in zasebni sektor - SKUPAJ";"Osnovno뚎lska ali manj";"Spol - SKUPAJ";"Povpre縛e";"2018";1193
"1 Javni in zasebni sektor - SKUPAJ";"Osnovno뚎lska ali manj";"Spol - SKUPAJ";"Povpre縛e";"2019";1238
"1 Javni in zasebni sektor - SKUPAJ";"Osnovno뚎lska ali manj";"Mo뚊i";"Povpre縛e";"2009";940
"1 Javni in zasebni sektor - SKUPAJ";"Osnovno뚎lska ali manj";"Mo뚊i";"Povpre縛e";"2010";1003
"1 Javni in zasebni sektor - SKUPAJ";"Osnovno뚎lska ali manj";"Mo뚊i";"Povpre縛e";"2011";1052
"1 Javni in zasebni sektor - SKUPAJ";"Osnovno뚎lska ali manj";"Mo뚊i";"Povpre縛e";"2012";1088
"1 Javni in zasebni sektor - SKUPAJ";"Osnovno뚎lska ali manj";"Mo뚊i";"Povpre縛e";"2013";1108
"1 Javni in zasebni sektor - SKUPAJ";"Osnovno뚎lska ali manj";"Mo뚊i";"Povpre縛e";"2014";1143
"1 Javni in zasebni sektor - SKUPAJ";"Osnovno뚎lska ali manj";"Mo뚊i";"Povpre縛e";"2015";1170
"1 Javni in zasebni sektor - SKUPAJ";"Osnovno뚎lska ali manj";"Mo뚊i";"Povpre縛e";"2016";1189
"1 Javni in zasebni sektor - SKUPAJ";"Osnovno뚎lska ali manj";"Mo뚊i";"Povpre縛e";"2017";1223
"1 Javni in zasebni sektor - SKUPAJ";"Osnovno뚎lska ali manj";"Mo뚊i";"Povpre縛e";"2018";1284
"1 Javni in zasebni sektor - SKUPAJ";"Osnovno뚎lska ali manj";"Mo뚊i";"Povpre縛e";"2019";1323
"1 Javni in zasebni sektor - SKUPAJ";"Osnovno뚎lska ali manj";"꾠nske";"Povpre縛e";"2009";824
"1 Javni in zasebni sektor - SKUPAJ";"Osnovno뚎lska ali manj";"꾠nske";"Povpre縛e";"2010";873
"1 Javni in zasebni sektor - SKUPAJ";"Osnovno뚎lska ali manj";"꾠nske";"Povpre縛e";"2011";909
"1 Javni in zasebni sektor - SKUPAJ";"Osnovno뚎lska ali manj";"꾠nske";"Povpre縛e";"2012";929
"1 Javni in zasebni sektor - SKUPAJ";"Osnovno뚎lska ali manj";"꾠nske";"Povpre縛e";"2013";940
"1 Javni in zasebni sektor - SKUPAJ";"Osnovno뚎lska ali manj";"꾠nske";"Povpre縛e";"2014";964
"1 Javni in zasebni sektor - SKUPAJ";"Osnovno뚎lska ali manj";"꾠nske";"Povpre縛e";"2015";973
"1 Javni in zasebni sektor - SKUPAJ";"Osnovno뚎lska ali manj";"꾠nske";"Povpre縛e";"2016";987
"1 Javni in zasebni sektor - SKUPAJ";"Osnovno뚎lska ali manj";"꾠nske";"Povpre縛e";"2017";1015
"1 Javni in zasebni sektor - SKUPAJ";"Osnovno뚎lska ali manj";"꾠nske";"Povpre縛e";"2018";1067
"1 Javni in zasebni sektor - SKUPAJ";"Osnovno뚎lska ali manj";"꾠nske";"Povpre縛e";"2019";1114
"1 Javni in zasebni sektor - SKUPAJ";"Srednje뚎lska";"Spol - SKUPAJ";"Povpre縛e";"2009";1219
"1 Javni in zasebni sektor - SKUPAJ";"Srednje뚎lska";"Spol - SKUPAJ";"Povpre縛e";"2010";1265
"1 Javni in zasebni sektor - SKUPAJ";"Srednje뚎lska";"Spol - SKUPAJ";"Povpre縛e";"2011";1287
"1 Javni in zasebni sektor - SKUPAJ";"Srednje뚎lska";"Spol - SKUPAJ";"Povpre縛e";"2012";1301
"1 Javni in zasebni sektor - SKUPAJ";"Srednje뚎lska";"Spol - SKUPAJ";"Povpre縛e";"2013";1302
"1 Javni in zasebni sektor - SKUPAJ";"Srednje뚎lska";"Spol - SKUPAJ";"Povpre縛e";"2014";1334
"1 Javni in zasebni sektor - SKUPAJ";"Srednje뚎lska";"Spol - SKUPAJ";"Povpre縛e";"2015";1346
"1 Javni in zasebni sektor - SKUPAJ";"Srednje뚎lska";"Spol - SKUPAJ";"Povpre縛e";"2016";1365
"1 Javni in zasebni sektor - SKUPAJ";"Srednje뚎lska";"Spol - SKUPAJ";"Povpre縛e";"2017";1390
"1 Javni in zasebni sektor - SKUPAJ";"Srednje뚎lska";"Spol - SKUPAJ";"Povpre縛e";"2018";1447
"1 Javni in zasebni sektor - SKUPAJ";"Srednje뚎lska";"Spol - SKUPAJ";"Povpre縛e";"2019";1506
"1 Javni in zasebni sektor - SKUPAJ";"Srednje뚎lska";"Mo뚊i";"Povpre縛e";"2009";1264
"1 Javni in zasebni sektor - SKUPAJ";"Srednje뚎lska";"Mo뚊i";"Povpre縛e";"2010";1316
"1 Javni in zasebni sektor - SKUPAJ";"Srednje뚎lska";"Mo뚊i";"Povpre縛e";"2011";1345
"1 Javni in zasebni sektor - SKUPAJ";"Srednje뚎lska";"Mo뚊i";"Povpre縛e";"2012";1363
"1 Javni in zasebni sektor - SKUPAJ";"Srednje뚎lska";"Mo뚊i";"Povpre縛e";"2013";1364
"1 Javni in zasebni sektor - SKUPAJ";"Srednje뚎lska";"Mo뚊i";"Povpre縛e";"2014";1400
"1 Javni in zasebni sektor - SKUPAJ";"Srednje뚎lska";"Mo뚊i";"Povpre縛e";"2015";1418
"1 Javni in zasebni sektor - SKUPAJ";"Srednje뚎lska";"Mo뚊i";"Povpre縛e";"2016";1438
"1 Javni in zasebni sektor - SKUPAJ";"Srednje뚎lska";"Mo뚊i";"Povpre縛e";"2017";1466
"1 Javni in zasebni sektor - SKUPAJ";"Srednje뚎lska";"Mo뚊i";"Povpre縛e";"2018";1531
"1 Javni in zasebni sektor - SKUPAJ";"Srednje뚎lska";"Mo뚊i";"Povpre縛e";"2019";1588
"1 Javni in zasebni sektor - SKUPAJ";"Srednje뚎lska";"꾠nske";"Povpre縛e";"2009";1152
"1 Javni in zasebni sektor - SKUPAJ";"Srednje뚎lska";"꾠nske";"Povpre縛e";"2010";1189
"1 Javni in zasebni sektor - SKUPAJ";"Srednje뚎lska";"꾠nske";"Povpre縛e";"2011";1202
"1 Javni in zasebni sektor - SKUPAJ";"Srednje뚎lska";"꾠nske";"Povpre縛e";"2012";1210
"1 Javni in zasebni sektor - SKUPAJ";"Srednje뚎lska";"꾠nske";"Povpre縛e";"2013";1209
"1 Javni in zasebni sektor - SKUPAJ";"Srednje뚎lska";"꾠nske";"Povpre縛e";"2014";1232
"1 Javni in zasebni sektor - SKUPAJ";"Srednje뚎lska";"꾠nske";"Povpre縛e";"2015";1233
"1 Javni in zasebni sektor - SKUPAJ";"Srednje뚎lska";"꾠nske";"Povpre縛e";"2016";1249
"1 Javni in zasebni sektor - SKUPAJ";"Srednje뚎lska";"꾠nske";"Povpre縛e";"2017";1266
"1 Javni in zasebni sektor - SKUPAJ";"Srednje뚎lska";"꾠nske";"Povpre縛e";"2018";1311
"1 Javni in zasebni sektor - SKUPAJ";"Srednje뚎lska";"꾠nske";"Povpre縛e";"2019";1365
"1 Javni in zasebni sektor - SKUPAJ";"Vi뚉e뚎lska, visoko뚎lska";"Spol - SKUPAJ";"Povpre縛e";"2009";2362
"1 Javni in zasebni sektor - SKUPAJ";"Vi뚉e뚎lska, visoko뚎lska";"Spol - SKUPAJ";"Povpre縛e";"2010";2375
"1 Javni in zasebni sektor - SKUPAJ";"Vi뚉e뚎lska, visoko뚎lska";"Spol - SKUPAJ";"Povpre縛e";"2011";2375
"1 Javni in zasebni sektor - SKUPAJ";"Vi뚉e뚎lska, visoko뚎lska";"Spol - SKUPAJ";"Povpre縛e";"2012";2347
"1 Javni in zasebni sektor - SKUPAJ";"Vi뚉e뚎lska, visoko뚎lska";"Spol - SKUPAJ";"Povpre縛e";"2013";2292
"1 Javni in zasebni sektor - SKUPAJ";"Vi뚉e뚎lska, visoko뚎lska";"Spol - SKUPAJ";"Povpre縛e";"2014";2311
"1 Javni in zasebni sektor - SKUPAJ";"Vi뚉e뚎lska, visoko뚎lska";"Spol - SKUPAJ";"Povpre縛e";"2015";2313
"1 Javni in zasebni sektor - SKUPAJ";"Vi뚉e뚎lska, visoko뚎lska";"Spol - SKUPAJ";"Povpre縛e";"2016";2334
"1 Javni in zasebni sektor - SKUPAJ";"Vi뚉e뚎lska, visoko뚎lska";"Spol - SKUPAJ";"Povpre縛e";"2017";2356
"1 Javni in zasebni sektor - SKUPAJ";"Vi뚉e뚎lska, visoko뚎lska";"Spol - SKUPAJ";"Povpre縛e";"2018";2401
"1 Javni in zasebni sektor - SKUPAJ";"Vi뚉e뚎lska, visoko뚎lska";"Spol - SKUPAJ";"Povpre縛e";"2019";2487
"1 Javni in zasebni sektor - SKUPAJ";"Vi뚉e뚎lska, visoko뚎lska";"Mo뚊i";"Povpre縛e";"2009";2657
"1 Javni in zasebni sektor - SKUPAJ";"Vi뚉e뚎lska, visoko뚎lska";"Mo뚊i";"Povpre縛e";"2010";2661
"1 Javni in zasebni sektor - SKUPAJ";"Vi뚉e뚎lska, visoko뚎lska";"Mo뚊i";"Povpre縛e";"2011";2657
"1 Javni in zasebni sektor - SKUPAJ";"Vi뚉e뚎lska, visoko뚎lska";"Mo뚊i";"Povpre縛e";"2012";2633
"1 Javni in zasebni sektor - SKUPAJ";"Vi뚉e뚎lska, visoko뚎lska";"Mo뚊i";"Povpre縛e";"2013";2568
"1 Javni in zasebni sektor - SKUPAJ";"Vi뚉e뚎lska, visoko뚎lska";"Mo뚊i";"Povpre縛e";"2014";2569
"1 Javni in zasebni sektor - SKUPAJ";"Vi뚉e뚎lska, visoko뚎lska";"Mo뚊i";"Povpre縛e";"2015";2579
"1 Javni in zasebni sektor - SKUPAJ";"Vi뚉e뚎lska, visoko뚎lska";"Mo뚊i";"Povpre縛e";"2016";2596
"1 Javni in zasebni sektor - SKUPAJ";"Vi뚉e뚎lska, visoko뚎lska";"Mo뚊i";"Povpre縛e";"2017";2615
"1 Javni in zasebni sektor - SKUPAJ";"Vi뚉e뚎lska, visoko뚎lska";"Mo뚊i";"Povpre縛e";"2018";2681
"1 Javni in zasebni sektor - SKUPAJ";"Vi뚉e뚎lska, visoko뚎lska";"Mo뚊i";"Povpre縛e";"2019";2771
"1 Javni in zasebni sektor - SKUPAJ";"Vi뚉e뚎lska, visoko뚎lska";"꾠nske";"Povpre縛e";"2009";2144
"1 Javni in zasebni sektor - SKUPAJ";"Vi뚉e뚎lska, visoko뚎lska";"꾠nske";"Povpre縛e";"2010";2164
"1 Javni in zasebni sektor - SKUPAJ";"Vi뚉e뚎lska, visoko뚎lska";"꾠nske";"Povpre縛e";"2011";2171
"1 Javni in zasebni sektor - SKUPAJ";"Vi뚉e뚎lska, visoko뚎lska";"꾠nske";"Povpre縛e";"2012";2144
"1 Javni in zasebni sektor - SKUPAJ";"Vi뚉e뚎lska, visoko뚎lska";"꾠nske";"Povpre縛e";"2013";2097
"1 Javni in zasebni sektor - SKUPAJ";"Vi뚉e뚎lska, visoko뚎lska";"꾠nske";"Povpre縛e";"2014";2125
"1 Javni in zasebni sektor - SKUPAJ";"Vi뚉e뚎lska, visoko뚎lska";"꾠nske";"Povpre縛e";"2015";2123
"1 Javni in zasebni sektor - SKUPAJ";"Vi뚉e뚎lska, visoko뚎lska";"꾠nske";"Povpre縛e";"2016";2147
"1 Javni in zasebni sektor - SKUPAJ";"Vi뚉e뚎lska, visoko뚎lska";"꾠nske";"Povpre縛e";"2017";2169
"1 Javni in zasebni sektor - SKUPAJ";"Vi뚉e뚎lska, visoko뚎lska";"꾠nske";"Povpre縛e";"2018";2199
"1 Javni in zasebni sektor - SKUPAJ";"Vi뚉e뚎lska, visoko뚎lska";"꾠nske";"Povpre縛e";"2019";2284
"11 Javni sektor - SKUPAJ";"Izobrazba - Skupaj";"Spol - SKUPAJ";"Povpre縛e";"2009";1815
"11 Javni sektor - SKUPAJ";"Izobrazba - Skupaj";"Spol - SKUPAJ";"Povpre縛e";"2010";1824
"11 Javni sektor - SKUPAJ";"Izobrazba - Skupaj";"Spol - SKUPAJ";"Povpre縛e";"2011";1870
"11 Javni sektor - SKUPAJ";"Izobrazba - Skupaj";"Spol - SKUPAJ";"Povpre縛e";"2012";1843
"11 Javni sektor - SKUPAJ";"Izobrazba - Skupaj";"Spol - SKUPAJ";"Povpre縛e";"2013";1823
"11 Javni sektor - SKUPAJ";"Izobrazba - Skupaj";"Spol - SKUPAJ";"Povpre縛e";"2014";1863
"11 Javni sektor - SKUPAJ";"Izobrazba - Skupaj";"Spol - SKUPAJ";"Povpre縛e";"2015";1859
"11 Javni sektor - SKUPAJ";"Izobrazba - Skupaj";"Spol - SKUPAJ";"Povpre縛e";"2016";1909
"11 Javni sektor - SKUPAJ";"Izobrazba - Skupaj";"Spol - SKUPAJ";"Povpre縛e";"2017";1960
"11 Javni sektor - SKUPAJ";"Izobrazba - Skupaj";"Spol - SKUPAJ";"Povpre縛e";"2018";2016
"11 Javni sektor - SKUPAJ";"Izobrazba - Skupaj";"Spol - SKUPAJ";"Povpre縛e";"2019";2113
"11 Javni sektor - SKUPAJ";"Izobrazba - Skupaj";"Mo뚊i";"Povpre縛e";"2009";1924
"11 Javni sektor - SKUPAJ";"Izobrazba - Skupaj";"Mo뚊i";"Povpre縛e";"2010";1931
"11 Javni sektor - SKUPAJ";"Izobrazba - Skupaj";"Mo뚊i";"Povpre縛e";"2011";2016
"11 Javni sektor - SKUPAJ";"Izobrazba - Skupaj";"Mo뚊i";"Povpre縛e";"2012";1975
"11 Javni sektor - SKUPAJ";"Izobrazba - Skupaj";"Mo뚊i";"Povpre縛e";"2013";1965
"11 Javni sektor - SKUPAJ";"Izobrazba - Skupaj";"Mo뚊i";"Povpre縛e";"2014";2003
"11 Javni sektor - SKUPAJ";"Izobrazba - Skupaj";"Mo뚊i";"Povpre縛e";"2015";2008
"11 Javni sektor - SKUPAJ";"Izobrazba - Skupaj";"Mo뚊i";"Povpre縛e";"2016";2071
"11 Javni sektor - SKUPAJ";"Izobrazba - Skupaj";"Mo뚊i";"Povpre縛e";"2017";2124
"11 Javni sektor - SKUPAJ";"Izobrazba - Skupaj";"Mo뚊i";"Povpre縛e";"2018";2199
"11 Javni sektor - SKUPAJ";"Izobrazba - Skupaj";"Mo뚊i";"Povpre縛e";"2019";2302
"11 Javni sektor - SKUPAJ";"Izobrazba - Skupaj";"꾠nske";"Povpre縛e";"2009";1736
"11 Javni sektor - SKUPAJ";"Izobrazba - Skupaj";"꾠nske";"Povpre縛e";"2010";1749
"11 Javni sektor - SKUPAJ";"Izobrazba - Skupaj";"꾠nske";"Povpre縛e";"2011";1776
"11 Javni sektor - SKUPAJ";"Izobrazba - Skupaj";"꾠nske";"Povpre縛e";"2012";1754
"11 Javni sektor - SKUPAJ";"Izobrazba - Skupaj";"꾠nske";"Povpre縛e";"2013";1732
"11 Javni sektor - SKUPAJ";"Izobrazba - Skupaj";"꾠nske";"Povpre縛e";"2014";1769
"11 Javni sektor - SKUPAJ";"Izobrazba - Skupaj";"꾠nske";"Povpre縛e";"2015";1761
"11 Javni sektor - SKUPAJ";"Izobrazba - Skupaj";"꾠nske";"Povpre縛e";"2016";1806
"11 Javni sektor - SKUPAJ";"Izobrazba - Skupaj";"꾠nske";"Povpre縛e";"2017";1855
"11 Javni sektor - SKUPAJ";"Izobrazba - Skupaj";"꾠nske";"Povpre縛e";"2018";1899
"11 Javni sektor - SKUPAJ";"Izobrazba - Skupaj";"꾠nske";"Povpre縛e";"2019";1994
"11 Javni sektor - SKUPAJ";"Osnovno뚎lska ali manj";"Spol - SKUPAJ";"Povpre縛e";"2009";990
"11 Javni sektor - SKUPAJ";"Osnovno뚎lska ali manj";"Spol - SKUPAJ";"Povpre縛e";"2010";1007
"11 Javni sektor - SKUPAJ";"Osnovno뚎lska ali manj";"Spol - SKUPAJ";"Povpre縛e";"2011";1012
"11 Javni sektor - SKUPAJ";"Osnovno뚎lska ali manj";"Spol - SKUPAJ";"Povpre縛e";"2012";1033
"11 Javni sektor - SKUPAJ";"Osnovno뚎lska ali manj";"Spol - SKUPAJ";"Povpre縛e";"2013";1039
"11 Javni sektor - SKUPAJ";"Osnovno뚎lska ali manj";"Spol - SKUPAJ";"Povpre縛e";"2014";1066
"11 Javni sektor - SKUPAJ";"Osnovno뚎lska ali manj";"Spol - SKUPAJ";"Povpre縛e";"2015";1060
"11 Javni sektor - SKUPAJ";"Osnovno뚎lska ali manj";"Spol - SKUPAJ";"Povpre縛e";"2016";1067
"11 Javni sektor - SKUPAJ";"Osnovno뚎lska ali manj";"Spol - SKUPAJ";"Povpre縛e";"2017";1118
"11 Javni sektor - SKUPAJ";"Osnovno뚎lska ali manj";"Spol - SKUPAJ";"Povpre縛e";"2018";1177
"11 Javni sektor - SKUPAJ";"Osnovno뚎lska ali manj";"Spol - SKUPAJ";"Povpre縛e";"2019";1229
"11 Javni sektor - SKUPAJ";"Osnovno뚎lska ali manj";"Mo뚊i";"Povpre縛e";"2009";1124
"11 Javni sektor - SKUPAJ";"Osnovno뚎lska ali manj";"Mo뚊i";"Povpre縛e";"2010";1150
"11 Javni sektor - SKUPAJ";"Osnovno뚎lska ali manj";"Mo뚊i";"Povpre縛e";"2011";1196
"11 Javni sektor - SKUPAJ";"Osnovno뚎lska ali manj";"Mo뚊i";"Povpre縛e";"2012";1220
"11 Javni sektor - SKUPAJ";"Osnovno뚎lska ali manj";"Mo뚊i";"Povpre縛e";"2013";1230
"11 Javni sektor - SKUPAJ";"Osnovno뚎lska ali manj";"Mo뚊i";"Povpre縛e";"2014";1269
"11 Javni sektor - SKUPAJ";"Osnovno뚎lska ali manj";"Mo뚊i";"Povpre縛e";"2015";1277
"11 Javni sektor - SKUPAJ";"Osnovno뚎lska ali manj";"Mo뚊i";"Povpre縛e";"2016";1287
"11 Javni sektor - SKUPAJ";"Osnovno뚎lska ali manj";"Mo뚊i";"Povpre縛e";"2017";1343
"11 Javni sektor - SKUPAJ";"Osnovno뚎lska ali manj";"Mo뚊i";"Povpre縛e";"2018";1409
"11 Javni sektor - SKUPAJ";"Osnovno뚎lska ali manj";"Mo뚊i";"Povpre縛e";"2019";1448
"11 Javni sektor - SKUPAJ";"Osnovno뚎lska ali manj";"꾠nske";"Povpre縛e";"2009";892
"11 Javni sektor - SKUPAJ";"Osnovno뚎lska ali manj";"꾠nske";"Povpre縛e";"2010";904
"11 Javni sektor - SKUPAJ";"Osnovno뚎lska ali manj";"꾠nske";"Povpre縛e";"2011";915
"11 Javni sektor - SKUPAJ";"Osnovno뚎lska ali manj";"꾠nske";"Povpre縛e";"2012";914
"11 Javni sektor - SKUPAJ";"Osnovno뚎lska ali manj";"꾠nske";"Povpre縛e";"2013";917
"11 Javni sektor - SKUPAJ";"Osnovno뚎lska ali manj";"꾠nske";"Povpre縛e";"2014";940
"11 Javni sektor - SKUPAJ";"Osnovno뚎lska ali manj";"꾠nske";"Povpre縛e";"2015";922
"11 Javni sektor - SKUPAJ";"Osnovno뚎lska ali manj";"꾠nske";"Povpre縛e";"2016";946
"11 Javni sektor - SKUPAJ";"Osnovno뚎lska ali manj";"꾠nske";"Povpre縛e";"2017";985
"11 Javni sektor - SKUPAJ";"Osnovno뚎lska ali manj";"꾠nske";"Povpre縛e";"2018";1041
"11 Javni sektor - SKUPAJ";"Osnovno뚎lska ali manj";"꾠nske";"Povpre縛e";"2019";1103
"11 Javni sektor - SKUPAJ";"Srednje뚎lska";"Spol - SKUPAJ";"Povpre縛e";"2009";1419
"11 Javni sektor - SKUPAJ";"Srednje뚎lska";"Spol - SKUPAJ";"Povpre縛e";"2010";1415
"11 Javni sektor - SKUPAJ";"Srednje뚎lska";"Spol - SKUPAJ";"Povpre縛e";"2011";1425
"11 Javni sektor - SKUPAJ";"Srednje뚎lska";"Spol - SKUPAJ";"Povpre縛e";"2012";1425
"11 Javni sektor - SKUPAJ";"Srednje뚎lska";"Spol - SKUPAJ";"Povpre縛e";"2013";1409
"11 Javni sektor - SKUPAJ";"Srednje뚎lska";"Spol - SKUPAJ";"Povpre縛e";"2014";1450
"11 Javni sektor - SKUPAJ";"Srednje뚎lska";"Spol - SKUPAJ";"Povpre縛e";"2015";1439
"11 Javni sektor - SKUPAJ";"Srednje뚎lska";"Spol - SKUPAJ";"Povpre縛e";"2016";1459
"11 Javni sektor - SKUPAJ";"Srednje뚎lska";"Spol - SKUPAJ";"Povpre縛e";"2017";1503
"11 Javni sektor - SKUPAJ";"Srednje뚎lska";"Spol - SKUPAJ";"Povpre縛e";"2018";1566
"11 Javni sektor - SKUPAJ";"Srednje뚎lska";"Spol - SKUPAJ";"Povpre縛e";"2019";1643
"11 Javni sektor - SKUPAJ";"Srednje뚎lska";"Mo뚊i";"Povpre縛e";"2009";1511
"11 Javni sektor - SKUPAJ";"Srednje뚎lska";"Mo뚊i";"Povpre縛e";"2010";1508
"11 Javni sektor - SKUPAJ";"Srednje뚎lska";"Mo뚊i";"Povpre縛e";"2011";1542
"11 Javni sektor - SKUPAJ";"Srednje뚎lska";"Mo뚊i";"Povpre縛e";"2012";1546
"11 Javni sektor - SKUPAJ";"Srednje뚎lska";"Mo뚊i";"Povpre縛e";"2013";1536
"11 Javni sektor - SKUPAJ";"Srednje뚎lska";"Mo뚊i";"Povpre縛e";"2014";1586
"11 Javni sektor - SKUPAJ";"Srednje뚎lska";"Mo뚊i";"Povpre縛e";"2015";1590
"11 Javni sektor - SKUPAJ";"Srednje뚎lska";"Mo뚊i";"Povpre縛e";"2016";1620
"11 Javni sektor - SKUPAJ";"Srednje뚎lska";"Mo뚊i";"Povpre縛e";"2017";1671
"11 Javni sektor - SKUPAJ";"Srednje뚎lska";"Mo뚊i";"Povpre縛e";"2018";1747
"11 Javni sektor - SKUPAJ";"Srednje뚎lska";"Mo뚊i";"Povpre縛e";"2019";1837
"11 Javni sektor - SKUPAJ";"Srednje뚎lska";"꾠nske";"Povpre縛e";"2009";1331
"11 Javni sektor - SKUPAJ";"Srednje뚎lska";"꾠nske";"Povpre縛e";"2010";1325
"11 Javni sektor - SKUPAJ";"Srednje뚎lska";"꾠nske";"Povpre縛e";"2011";1323
"11 Javni sektor - SKUPAJ";"Srednje뚎lska";"꾠nske";"Povpre縛e";"2012";1310
"11 Javni sektor - SKUPAJ";"Srednje뚎lska";"꾠nske";"Povpre縛e";"2013";1294
"11 Javni sektor - SKUPAJ";"Srednje뚎lska";"꾠nske";"Povpre縛e";"2014";1318
"11 Javni sektor - SKUPAJ";"Srednje뚎lska";"꾠nske";"Povpre縛e";"2015";1294
"11 Javni sektor - SKUPAJ";"Srednje뚎lska";"꾠nske";"Povpre縛e";"2016";1312
"11 Javni sektor - SKUPAJ";"Srednje뚎lska";"꾠nske";"Povpre縛e";"2017";1343
"11 Javni sektor - SKUPAJ";"Srednje뚎lska";"꾠nske";"Povpre縛e";"2018";1393
"11 Javni sektor - SKUPAJ";"Srednje뚎lska";"꾠nske";"Povpre縛e";"2019";1454
"11 Javni sektor - SKUPAJ";"Vi뚉e뚎lska, visoko뚎lska";"Spol - SKUPAJ";"Povpre縛e";"2009";2384
"11 Javni sektor - SKUPAJ";"Vi뚉e뚎lska, visoko뚎lska";"Spol - SKUPAJ";"Povpre縛e";"2010";2369
"11 Javni sektor - SKUPAJ";"Vi뚉e뚎lska, visoko뚎lska";"Spol - SKUPAJ";"Povpre縛e";"2011";2362
"11 Javni sektor - SKUPAJ";"Vi뚉e뚎lska, visoko뚎lska";"Spol - SKUPAJ";"Povpre縛e";"2012";2311
"11 Javni sektor - SKUPAJ";"Vi뚉e뚎lska, visoko뚎lska";"Spol - SKUPAJ";"Povpre縛e";"2013";2252
"11 Javni sektor - SKUPAJ";"Vi뚉e뚎lska, visoko뚎lska";"Spol - SKUPAJ";"Povpre縛e";"2014";2283
"11 Javni sektor - SKUPAJ";"Vi뚉e뚎lska, visoko뚎lska";"Spol - SKUPAJ";"Povpre縛e";"2015";2281
"11 Javni sektor - SKUPAJ";"Vi뚉e뚎lska, visoko뚎lska";"Spol - SKUPAJ";"Povpre縛e";"2016";2318
"11 Javni sektor - SKUPAJ";"Vi뚉e뚎lska, visoko뚎lska";"Spol - SKUPAJ";"Povpre縛e";"2017";2359
"11 Javni sektor - SKUPAJ";"Vi뚉e뚎lska, visoko뚎lska";"Spol - SKUPAJ";"Povpre縛e";"2018";2401
"11 Javni sektor - SKUPAJ";"Vi뚉e뚎lska, visoko뚎lska";"Spol - SKUPAJ";"Povpre縛e";"2019";2497
"11 Javni sektor - SKUPAJ";"Vi뚉e뚎lska, visoko뚎lska";"Mo뚊i";"Povpre縛e";"2009";2744
"11 Javni sektor - SKUPAJ";"Vi뚉e뚎lska, visoko뚎lska";"Mo뚊i";"Povpre縛e";"2010";2710
"11 Javni sektor - SKUPAJ";"Vi뚉e뚎lska, visoko뚎lska";"Mo뚊i";"Povpre縛e";"2011";2695
"11 Javni sektor - SKUPAJ";"Vi뚉e뚎lska, visoko뚎lska";"Mo뚊i";"Povpre縛e";"2012";2635
"11 Javni sektor - SKUPAJ";"Vi뚉e뚎lska, visoko뚎lska";"Mo뚊i";"Povpre縛e";"2013";2582
"11 Javni sektor - SKUPAJ";"Vi뚉e뚎lska, visoko뚎lska";"Mo뚊i";"Povpre縛e";"2014";2593
"11 Javni sektor - SKUPAJ";"Vi뚉e뚎lska, visoko뚎lska";"Mo뚊i";"Povpre縛e";"2015";2613
"11 Javni sektor - SKUPAJ";"Vi뚉e뚎lska, visoko뚎lska";"Mo뚊i";"Povpre縛e";"2016";2642
"11 Javni sektor - SKUPAJ";"Vi뚉e뚎lska, visoko뚎lska";"Mo뚊i";"Povpre縛e";"2017";2691
"11 Javni sektor - SKUPAJ";"Vi뚉e뚎lska, visoko뚎lska";"Mo뚊i";"Povpre縛e";"2018";2753
"11 Javni sektor - SKUPAJ";"Vi뚉e뚎lska, visoko뚎lska";"Mo뚊i";"Povpre縛e";"2019";2862
"11 Javni sektor - SKUPAJ";"Vi뚉e뚎lska, visoko뚎lska";"꾠nske";"Povpre縛e";"2009";2200
"11 Javni sektor - SKUPAJ";"Vi뚉e뚎lska, visoko뚎lska";"꾠nske";"Povpre縛e";"2010";2196
"11 Javni sektor - SKUPAJ";"Vi뚉e뚎lska, visoko뚎lska";"꾠nske";"Povpre縛e";"2011";2196
"11 Javni sektor - SKUPAJ";"Vi뚉e뚎lska, visoko뚎lska";"꾠nske";"Povpre縛e";"2012";2149
"11 Javni sektor - SKUPAJ";"Vi뚉e뚎lska, visoko뚎lska";"꾠nske";"Povpre縛e";"2013";2095
"11 Javni sektor - SKUPAJ";"Vi뚉e뚎lska, visoko뚎lska";"꾠nske";"Povpre縛e";"2014";2129
"11 Javni sektor - SKUPAJ";"Vi뚉e뚎lska, visoko뚎lska";"꾠nske";"Povpre縛e";"2015";2123
"11 Javni sektor - SKUPAJ";"Vi뚉e뚎lska, visoko뚎lska";"꾠nske";"Povpre縛e";"2016";2163
"11 Javni sektor - SKUPAJ";"Vi뚉e뚎lska, visoko뚎lska";"꾠nske";"Povpre縛e";"2017";2202
"11 Javni sektor - SKUPAJ";"Vi뚉e뚎lska, visoko뚎lska";"꾠nske";"Povpre縛e";"2018";2232
"11 Javni sektor - SKUPAJ";"Vi뚉e뚎lska, visoko뚎lska";"꾠nske";"Povpre縛e";"2019";2326
"111 Javni sektor - sektor dr료va";"Izobrazba - Skupaj";"Spol - SKUPAJ";"Povpre縛e";"2009";1876
"111 Javni sektor - sektor dr료va";"Izobrazba - Skupaj";"Spol - SKUPAJ";"Povpre縛e";"2010";1877
"111 Javni sektor - sektor dr료va";"Izobrazba - Skupaj";"Spol - SKUPAJ";"Povpre縛e";"2011";1886
"111 Javni sektor - sektor dr료va";"Izobrazba - Skupaj";"Spol - SKUPAJ";"Povpre縛e";"2012";1840
"111 Javni sektor - sektor dr료va";"Izobrazba - Skupaj";"Spol - SKUPAJ";"Povpre縛e";"2013";1809
"111 Javni sektor - sektor dr료va";"Izobrazba - Skupaj";"Spol - SKUPAJ";"Povpre縛e";"2014";1845
"111 Javni sektor - sektor dr료va";"Izobrazba - Skupaj";"Spol - SKUPAJ";"Povpre縛e";"2015";1840
"111 Javni sektor - sektor dr료va";"Izobrazba - Skupaj";"Spol - SKUPAJ";"Povpre縛e";"2016";1903
"111 Javni sektor - sektor dr료va";"Izobrazba - Skupaj";"Spol - SKUPAJ";"Povpre縛e";"2017";1959
"111 Javni sektor - sektor dr료va";"Izobrazba - Skupaj";"Spol - SKUPAJ";"Povpre縛e";"2018";2003
"111 Javni sektor - sektor dr료va";"Izobrazba - Skupaj";"Spol - SKUPAJ";"Povpre縛e";"2019";2129
"111 Javni sektor - sektor dr료va";"Izobrazba - Skupaj";"Mo뚊i";"Povpre縛e";"2009";2100
"111 Javni sektor - sektor dr료va";"Izobrazba - Skupaj";"Mo뚊i";"Povpre縛e";"2010";2083
"111 Javni sektor - sektor dr료va";"Izobrazba - Skupaj";"Mo뚊i";"Povpre縛e";"2011";2078
"111 Javni sektor - sektor dr료va";"Izobrazba - Skupaj";"Mo뚊i";"Povpre縛e";"2012";2003
"111 Javni sektor - sektor dr료va";"Izobrazba - Skupaj";"Mo뚊i";"Povpre縛e";"2013";1982
"111 Javni sektor - sektor dr료va";"Izobrazba - Skupaj";"Mo뚊i";"Povpre縛e";"2014";2000
"111 Javni sektor - sektor dr료va";"Izobrazba - Skupaj";"Mo뚊i";"Povpre縛e";"2015";2010
"111 Javni sektor - sektor dr료va";"Izobrazba - Skupaj";"Mo뚊i";"Povpre縛e";"2016";2096
"111 Javni sektor - sektor dr료va";"Izobrazba - Skupaj";"Mo뚊i";"Povpre縛e";"2017";2155
"111 Javni sektor - sektor dr료va";"Izobrazba - Skupaj";"Mo뚊i";"Povpre縛e";"2018";2216
"111 Javni sektor - sektor dr료va";"Izobrazba - Skupaj";"Mo뚊i";"Povpre縛e";"2019";2379
"111 Javni sektor - sektor dr료va";"Izobrazba - Skupaj";"꾠nske";"Povpre縛e";"2009";1773
"111 Javni sektor - sektor dr료va";"Izobrazba - Skupaj";"꾠nske";"Povpre縛e";"2010";1782
"111 Javni sektor - sektor dr료va";"Izobrazba - Skupaj";"꾠nske";"Povpre縛e";"2011";1796
"111 Javni sektor - sektor dr료va";"Izobrazba - Skupaj";"꾠nske";"Povpre縛e";"2012";1763
"111 Javni sektor - sektor dr료va";"Izobrazba - Skupaj";"꾠nske";"Povpre縛e";"2013";1735
"111 Javni sektor - sektor dr료va";"Izobrazba - Skupaj";"꾠nske";"Povpre縛e";"2014";1771
"111 Javni sektor - sektor dr료va";"Izobrazba - Skupaj";"꾠nske";"Povpre縛e";"2015";1765
"111 Javni sektor - sektor dr료va";"Izobrazba - Skupaj";"꾠nske";"Povpre縛e";"2016";1818
"111 Javni sektor - sektor dr료va";"Izobrazba - Skupaj";"꾠nske";"Povpre縛e";"2017";1870
"111 Javni sektor - sektor dr료va";"Izobrazba - Skupaj";"꾠nske";"Povpre縛e";"2018";1907
"111 Javni sektor - sektor dr료va";"Izobrazba - Skupaj";"꾠nske";"Povpre縛e";"2019";2018
"111 Javni sektor - sektor dr료va";"Osnovno뚎lska ali manj";"Spol - SKUPAJ";"Povpre縛e";"2009";895
"111 Javni sektor - sektor dr료va";"Osnovno뚎lska ali manj";"Spol - SKUPAJ";"Povpre縛e";"2010";900
"111 Javni sektor - sektor dr료va";"Osnovno뚎lska ali manj";"Spol - SKUPAJ";"Povpre縛e";"2011";914
"111 Javni sektor - sektor dr료va";"Osnovno뚎lska ali manj";"Spol - SKUPAJ";"Povpre縛e";"2012";928
"111 Javni sektor - sektor dr료va";"Osnovno뚎lska ali manj";"Spol - SKUPAJ";"Povpre縛e";"2013";925
"111 Javni sektor - sektor dr료va";"Osnovno뚎lska ali manj";"Spol - SKUPAJ";"Povpre縛e";"2014";950
"111 Javni sektor - sektor dr료va";"Osnovno뚎lska ali manj";"Spol - SKUPAJ";"Povpre縛e";"2015";935
"111 Javni sektor - sektor dr료va";"Osnovno뚎lska ali manj";"Spol - SKUPAJ";"Povpre縛e";"2016";931
"111 Javni sektor - sektor dr료va";"Osnovno뚎lska ali manj";"Spol - SKUPAJ";"Povpre縛e";"2017";994
"111 Javni sektor - sektor dr료va";"Osnovno뚎lska ali manj";"Spol - SKUPAJ";"Povpre縛e";"2018";1053
"111 Javni sektor - sektor dr료va";"Osnovno뚎lska ali manj";"Spol - SKUPAJ";"Povpre縛e";"2019";1116
"111 Javni sektor - sektor dr료va";"Osnovno뚎lska ali manj";"Mo뚊i";"Povpre縛e";"2009";1066
"111 Javni sektor - sektor dr료va";"Osnovno뚎lska ali manj";"Mo뚊i";"Povpre縛e";"2010";1057
"111 Javni sektor - sektor dr료va";"Osnovno뚎lska ali manj";"Mo뚊i";"Povpre縛e";"2011";1117
"111 Javni sektor - sektor dr료va";"Osnovno뚎lska ali manj";"Mo뚊i";"Povpre縛e";"2012";1134
"111 Javni sektor - sektor dr료va";"Osnovno뚎lska ali manj";"Mo뚊i";"Povpre縛e";"2013";1128
"111 Javni sektor - sektor dr료va";"Osnovno뚎lska ali manj";"Mo뚊i";"Povpre縛e";"2014";1170
"111 Javni sektor - sektor dr료va";"Osnovno뚎lska ali manj";"Mo뚊i";"Povpre縛e";"2015";1170
"111 Javni sektor - sektor dr료va";"Osnovno뚎lska ali manj";"Mo뚊i";"Povpre縛e";"2016";1063
"111 Javni sektor - sektor dr료va";"Osnovno뚎lska ali manj";"Mo뚊i";"Povpre縛e";"2017";1207
"111 Javni sektor - sektor dr료va";"Osnovno뚎lska ali manj";"Mo뚊i";"Povpre縛e";"2018";1279
"111 Javni sektor - sektor dr료va";"Osnovno뚎lska ali manj";"Mo뚊i";"Povpre縛e";"2019";1310
"111 Javni sektor - sektor dr료va";"Osnovno뚎lska ali manj";"꾠nske";"Povpre縛e";"2009";873
"111 Javni sektor - sektor dr료va";"Osnovno뚎lska ali manj";"꾠nske";"Povpre縛e";"2010";881
"111 Javni sektor - sektor dr료va";"Osnovno뚎lska ali manj";"꾠nske";"Povpre縛e";"2011";887
"111 Javni sektor - sektor dr료va";"Osnovno뚎lska ali manj";"꾠nske";"Povpre縛e";"2012";883
"111 Javni sektor - sektor dr료va";"Osnovno뚎lska ali manj";"꾠nske";"Povpre縛e";"2013";882
"111 Javni sektor - sektor dr료va";"Osnovno뚎lska ali manj";"꾠nske";"Povpre縛e";"2014";904
"111 Javni sektor - sektor dr료va";"Osnovno뚎lska ali manj";"꾠nske";"Povpre縛e";"2015";888
"111 Javni sektor - sektor dr료va";"Osnovno뚎lska ali manj";"꾠nske";"Povpre縛e";"2016";916
"111 Javni sektor - sektor dr료va";"Osnovno뚎lska ali manj";"꾠nske";"Povpre縛e";"2017";955
"111 Javni sektor - sektor dr료va";"Osnovno뚎lska ali manj";"꾠nske";"Povpre縛e";"2018";1012
"111 Javni sektor - sektor dr료va";"Osnovno뚎lska ali manj";"꾠nske";"Povpre縛e";"2019";1080
"111 Javni sektor - sektor dr료va";"Srednje뚎lska";"Spol - SKUPAJ";"Povpre縛e";"2009";1382
"111 Javni sektor - sektor dr료va";"Srednje뚎lska";"Spol - SKUPAJ";"Povpre縛e";"2010";1366
"111 Javni sektor - sektor dr료va";"Srednje뚎lska";"Spol - SKUPAJ";"Povpre縛e";"2011";1356
"111 Javni sektor - sektor dr료va";"Srednje뚎lska";"Spol - SKUPAJ";"Povpre縛e";"2012";1338
"111 Javni sektor - sektor dr료va";"Srednje뚎lska";"Spol - SKUPAJ";"Povpre縛e";"2013";1295
"111 Javni sektor - sektor dr료va";"Srednje뚎lska";"Spol - SKUPAJ";"Povpre縛e";"2014";1347
"111 Javni sektor - sektor dr료va";"Srednje뚎lska";"Spol - SKUPAJ";"Povpre縛e";"2015";1332
"111 Javni sektor - sektor dr료va";"Srednje뚎lska";"Spol - SKUPAJ";"Povpre縛e";"2016";1361
"111 Javni sektor - sektor dr료va";"Srednje뚎lska";"Spol - SKUPAJ";"Povpre縛e";"2017";1422
"111 Javni sektor - sektor dr료va";"Srednje뚎lska";"Spol - SKUPAJ";"Povpre縛e";"2018";1477
"111 Javni sektor - sektor dr료va";"Srednje뚎lska";"Spol - SKUPAJ";"Povpre縛e";"2019";1586
"111 Javni sektor - sektor dr료va";"Srednje뚎lska";"Mo뚊i";"Povpre縛e";"2009";1491
"111 Javni sektor - sektor dr료va";"Srednje뚎lska";"Mo뚊i";"Povpre縛e";"2010";1458
"111 Javni sektor - sektor dr료va";"Srednje뚎lska";"Mo뚊i";"Povpre縛e";"2011";1453
"111 Javni sektor - sektor dr료va";"Srednje뚎lska";"Mo뚊i";"Povpre縛e";"2012";1439
"111 Javni sektor - sektor dr료va";"Srednje뚎lska";"Mo뚊i";"Povpre縛e";"2013";1375
"111 Javni sektor - sektor dr료va";"Srednje뚎lska";"Mo뚊i";"Povpre縛e";"2014";1454
"111 Javni sektor - sektor dr료va";"Srednje뚎lska";"Mo뚊i";"Povpre縛e";"2015";1462
"111 Javni sektor - sektor dr료va";"Srednje뚎lska";"Mo뚊i";"Povpre縛e";"2016";1501
"111 Javni sektor - sektor dr료va";"Srednje뚎lska";"Mo뚊i";"Povpre縛e";"2017";1582
"111 Javni sektor - sektor dr료va";"Srednje뚎lska";"Mo뚊i";"Povpre縛e";"2018";1655
"111 Javni sektor - sektor dr료va";"Srednje뚎lska";"Mo뚊i";"Povpre縛e";"2019";1818
"111 Javni sektor - sektor dr료va";"Srednje뚎lska";"꾠nske";"Povpre縛e";"2009";1321
"111 Javni sektor - sektor dr료va";"Srednje뚎lska";"꾠nske";"Povpre縛e";"2010";1312
"111 Javni sektor - sektor dr료va";"Srednje뚎lska";"꾠nske";"Povpre縛e";"2011";1299
"111 Javni sektor - sektor dr료va";"Srednje뚎lska";"꾠nske";"Povpre縛e";"2012";1275
"111 Javni sektor - sektor dr료va";"Srednje뚎lska";"꾠nske";"Povpre縛e";"2013";1253
"111 Javni sektor - sektor dr료va";"Srednje뚎lska";"꾠nske";"Povpre縛e";"2014";1280
"111 Javni sektor - sektor dr료va";"Srednje뚎lska";"꾠nske";"Povpre縛e";"2015";1254
"111 Javni sektor - sektor dr료va";"Srednje뚎lska";"꾠nske";"Povpre縛e";"2016";1282
"111 Javni sektor - sektor dr료va";"Srednje뚎lska";"꾠nske";"Povpre縛e";"2017";1323
"111 Javni sektor - sektor dr료va";"Srednje뚎lska";"꾠nske";"Povpre縛e";"2018";1368
"111 Javni sektor - sektor dr료va";"Srednje뚎lska";"꾠nske";"Povpre縛e";"2019";1444
"111 Javni sektor - sektor dr료va";"Vi뚉e뚎lska, visoko뚎lska";"Spol - SKUPAJ";"Povpre縛e";"2009";2321
"111 Javni sektor - sektor dr료va";"Vi뚉e뚎lska, visoko뚎lska";"Spol - SKUPAJ";"Povpre縛e";"2010";2313
"111 Javni sektor - sektor dr료va";"Vi뚉e뚎lska, visoko뚎lska";"Spol - SKUPAJ";"Povpre縛e";"2011";2297
"111 Javni sektor - sektor dr료va";"Vi뚉e뚎lska, visoko뚎lska";"Spol - SKUPAJ";"Povpre縛e";"2012";2228
"111 Javni sektor - sektor dr료va";"Vi뚉e뚎lska, visoko뚎lska";"Spol - SKUPAJ";"Povpre縛e";"2013";2167
"111 Javni sektor - sektor dr료va";"Vi뚉e뚎lska, visoko뚎lska";"Spol - SKUPAJ";"Povpre縛e";"2014";2198
"111 Javni sektor - sektor dr료va";"Vi뚉e뚎lska, visoko뚎lska";"Spol - SKUPAJ";"Povpre縛e";"2015";2188
"111 Javni sektor - sektor dr료va";"Vi뚉e뚎lska, visoko뚎lska";"Spol - SKUPAJ";"Povpre縛e";"2016";2239
"111 Javni sektor - sektor dr료va";"Vi뚉e뚎lska, visoko뚎lska";"Spol - SKUPAJ";"Povpre縛e";"2017";2289
"111 Javni sektor - sektor dr료va";"Vi뚉e뚎lska, visoko뚎lska";"Spol - SKUPAJ";"Povpre縛e";"2018";2317
"111 Javni sektor - sektor dr료va";"Vi뚉e뚎lska, visoko뚎lska";"Spol - SKUPAJ";"Povpre縛e";"2019";2434
"111 Javni sektor - sektor dr료va";"Vi뚉e뚎lska, visoko뚎lska";"Mo뚊i";"Povpre縛e";"2009";2661
"111 Javni sektor - sektor dr료va";"Vi뚉e뚎lska, visoko뚎lska";"Mo뚊i";"Povpre縛e";"2010";2641
"111 Javni sektor - sektor dr료va";"Vi뚉e뚎lska, visoko뚎lska";"Mo뚊i";"Povpre縛e";"2011";2602
"111 Javni sektor - sektor dr료va";"Vi뚉e뚎lska, visoko뚎lska";"Mo뚊i";"Povpre縛e";"2012";2510
"111 Javni sektor - sektor dr료va";"Vi뚉e뚎lska, visoko뚎lska";"Mo뚊i";"Povpre縛e";"2013";2451
"111 Javni sektor - sektor dr료va";"Vi뚉e뚎lska, visoko뚎lska";"Mo뚊i";"Povpre縛e";"2014";2455
"111 Javni sektor - sektor dr료va";"Vi뚉e뚎lska, visoko뚎lska";"Mo뚊i";"Povpre縛e";"2015";2464
"111 Javni sektor - sektor dr료va";"Vi뚉e뚎lska, visoko뚎lska";"Mo뚊i";"Povpre縛e";"2016";2512
"111 Javni sektor - sektor dr료va";"Vi뚉e뚎lska, visoko뚎lska";"Mo뚊i";"Povpre縛e";"2017";2577
"111 Javni sektor - sektor dr료va";"Vi뚉e뚎lska, visoko뚎lska";"Mo뚊i";"Povpre縛e";"2018";2619
"111 Javni sektor - sektor dr료va";"Vi뚉e뚎lska, visoko뚎lska";"Mo뚊i";"Povpre縛e";"2019";2766
"111 Javni sektor - sektor dr료va";"Vi뚉e뚎lska, visoko뚎lska";"꾠nske";"Povpre縛e";"2009";2175
"111 Javni sektor - sektor dr료va";"Vi뚉e뚎lska, visoko뚎lska";"꾠nske";"Povpre縛e";"2010";2173
"111 Javni sektor - sektor dr료va";"Vi뚉e뚎lska, visoko뚎lska";"꾠nske";"Povpre縛e";"2011";2167
"111 Javni sektor - sektor dr료va";"Vi뚉e뚎lska, visoko뚎lska";"꾠nske";"Povpre縛e";"2012";2112
"111 Javni sektor - sektor dr료va";"Vi뚉e뚎lska, visoko뚎lska";"꾠nske";"Povpre縛e";"2013";2057
"111 Javni sektor - sektor dr료va";"Vi뚉e뚎lska, visoko뚎lska";"꾠nske";"Povpre縛e";"2014";2092
"111 Javni sektor - sektor dr료va";"Vi뚉e뚎lska, visoko뚎lska";"꾠nske";"Povpre縛e";"2015";2082
"111 Javni sektor - sektor dr료va";"Vi뚉e뚎lska, visoko뚎lska";"꾠nske";"Povpre縛e";"2016";2131
"111 Javni sektor - sektor dr료va";"Vi뚉e뚎lska, visoko뚎lska";"꾠nske";"Povpre縛e";"2017";2174
"111 Javni sektor - sektor dr료va";"Vi뚉e뚎lska, visoko뚎lska";"꾠nske";"Povpre縛e";"2018";2197
"111 Javni sektor - sektor dr료va";"Vi뚉e뚎lska, visoko뚎lska";"꾠nske";"Povpre縛e";"2019";2304
"112 Javni sektor - javne dru룍e";"Izobrazba - Skupaj";"Spol - SKUPAJ";"Povpre縛e";"2009";1698
"112 Javni sektor - javne dru룍e";"Izobrazba - Skupaj";"Spol - SKUPAJ";"Povpre縛e";"2010";1720
"112 Javni sektor - javne dru룍e";"Izobrazba - Skupaj";"Spol - SKUPAJ";"Povpre縛e";"2011";1832
"112 Javni sektor - javne dru룍e";"Izobrazba - Skupaj";"Spol - SKUPAJ";"Povpre縛e";"2012";1850
"112 Javni sektor - javne dru룍e";"Izobrazba - Skupaj";"Spol - SKUPAJ";"Povpre縛e";"2013";1854
"112 Javni sektor - javne dru룍e";"Izobrazba - Skupaj";"Spol - SKUPAJ";"Povpre縛e";"2014";1905
"112 Javni sektor - javne dru룍e";"Izobrazba - Skupaj";"Spol - SKUPAJ";"Povpre縛e";"2015";1902
"112 Javni sektor - javne dru룍e";"Izobrazba - Skupaj";"Spol - SKUPAJ";"Povpre縛e";"2016";1923
"112 Javni sektor - javne dru룍e";"Izobrazba - Skupaj";"Spol - SKUPAJ";"Povpre縛e";"2017";1961
"112 Javni sektor - javne dru룍e";"Izobrazba - Skupaj";"Spol - SKUPAJ";"Povpre縛e";"2018";2048
"112 Javni sektor - javne dru룍e";"Izobrazba - Skupaj";"Spol - SKUPAJ";"Povpre縛e";"2019";2072
"112 Javni sektor - javne dru룍e";"Izobrazba - Skupaj";"Mo뚊i";"Povpre縛e";"2009";1752
"112 Javni sektor - javne dru룍e";"Izobrazba - Skupaj";"Mo뚊i";"Povpre縛e";"2010";1776
"112 Javni sektor - javne dru룍e";"Izobrazba - Skupaj";"Mo뚊i";"Povpre縛e";"2011";1932
"112 Javni sektor - javne dru룍e";"Izobrazba - Skupaj";"Mo뚊i";"Povpre縛e";"2012";1943
"112 Javni sektor - javne dru룍e";"Izobrazba - Skupaj";"Mo뚊i";"Povpre縛e";"2013";1946
"112 Javni sektor - javne dru룍e";"Izobrazba - Skupaj";"Mo뚊i";"Povpre縛e";"2014";2007
"112 Javni sektor - javne dru룍e";"Izobrazba - Skupaj";"Mo뚊i";"Povpre縛e";"2015";2006
"112 Javni sektor - javne dru룍e";"Izobrazba - Skupaj";"Mo뚊i";"Povpre縛e";"2016";2040
"112 Javni sektor - javne dru룍e";"Izobrazba - Skupaj";"Mo뚊i";"Povpre縛e";"2017";2082
"112 Javni sektor - javne dru룍e";"Izobrazba - Skupaj";"Mo뚊i";"Povpre縛e";"2018";2176
"112 Javni sektor - javne dru룍e";"Izobrazba - Skupaj";"Mo뚊i";"Povpre縛e";"2019";2198
"112 Javni sektor - javne dru룍e";"Izobrazba - Skupaj";"꾠nske";"Povpre縛e";"2009";1613
"112 Javni sektor - javne dru룍e";"Izobrazba - Skupaj";"꾠nske";"Povpre縛e";"2010";1632
"112 Javni sektor - javne dru룍e";"Izobrazba - Skupaj";"꾠nske";"Povpre縛e";"2011";1701
"112 Javni sektor - javne dru룍e";"Izobrazba - Skupaj";"꾠nske";"Povpre縛e";"2012";1722
"112 Javni sektor - javne dru룍e";"Izobrazba - Skupaj";"꾠nske";"Povpre縛e";"2013";1719
"112 Javni sektor - javne dru룍e";"Izobrazba - Skupaj";"꾠nske";"Povpre縛e";"2014";1759
"112 Javni sektor - javne dru룍e";"Izobrazba - Skupaj";"꾠nske";"Povpre縛e";"2015";1748
"112 Javni sektor - javne dru룍e";"Izobrazba - Skupaj";"꾠nske";"Povpre縛e";"2016";1757
"112 Javni sektor - javne dru룍e";"Izobrazba - Skupaj";"꾠nske";"Povpre縛e";"2017";1790
"112 Javni sektor - javne dru룍e";"Izobrazba - Skupaj";"꾠nske";"Povpre縛e";"2018";1864
"112 Javni sektor - javne dru룍e";"Izobrazba - Skupaj";"꾠nske";"Povpre縛e";"2019";1883
"112 Javni sektor - javne dru룍e";"Osnovno뚎lska ali manj";"Spol - SKUPAJ";"Povpre縛e";"2009";1060
"112 Javni sektor - javne dru룍e";"Osnovno뚎lska ali manj";"Spol - SKUPAJ";"Povpre縛e";"2010";1088
"112 Javni sektor - javne dru룍e";"Osnovno뚎lska ali manj";"Spol - SKUPAJ";"Povpre縛e";"2011";1113
"112 Javni sektor - javne dru룍e";"Osnovno뚎lska ali manj";"Spol - SKUPAJ";"Povpre縛e";"2012";1139
"112 Javni sektor - javne dru룍e";"Osnovno뚎lska ali manj";"Spol - SKUPAJ";"Povpre縛e";"2013";1156
"112 Javni sektor - javne dru룍e";"Osnovno뚎lska ali manj";"Spol - SKUPAJ";"Povpre縛e";"2014";1191
"112 Javni sektor - javne dru룍e";"Osnovno뚎lska ali manj";"Spol - SKUPAJ";"Povpre縛e";"2015";1181
"112 Javni sektor - javne dru룍e";"Osnovno뚎lska ali manj";"Spol - SKUPAJ";"Povpre縛e";"2016";1198
"112 Javni sektor - javne dru룍e";"Osnovno뚎lska ali manj";"Spol - SKUPAJ";"Povpre縛e";"2017";1253
"112 Javni sektor - javne dru룍e";"Osnovno뚎lska ali manj";"Spol - SKUPAJ";"Povpre縛e";"2018";1314
"112 Javni sektor - javne dru룍e";"Osnovno뚎lska ali manj";"Spol - SKUPAJ";"Povpre縛e";"2019";1351
"112 Javni sektor - javne dru룍e";"Osnovno뚎lska ali manj";"Mo뚊i";"Povpre縛e";"2009";1131
"112 Javni sektor - javne dru룍e";"Osnovno뚎lska ali manj";"Mo뚊i";"Povpre縛e";"2010";1162
"112 Javni sektor - javne dru룍e";"Osnovno뚎lska ali manj";"Mo뚊i";"Povpre縛e";"2011";1212
"112 Javni sektor - javne dru룍e";"Osnovno뚎lska ali manj";"Mo뚊i";"Povpre縛e";"2012";1246
"112 Javni sektor - javne dru룍e";"Osnovno뚎lska ali manj";"Mo뚊i";"Povpre縛e";"2013";1260
"112 Javni sektor - javne dru룍e";"Osnovno뚎lska ali manj";"Mo뚊i";"Povpre縛e";"2014";1299
"112 Javni sektor - javne dru룍e";"Osnovno뚎lska ali manj";"Mo뚊i";"Povpre縛e";"2015";1305
"112 Javni sektor - javne dru룍e";"Osnovno뚎lska ali manj";"Mo뚊i";"Povpre縛e";"2016";1324
"112 Javni sektor - javne dru룍e";"Osnovno뚎lska ali manj";"Mo뚊i";"Povpre縛e";"2017";1381
"112 Javni sektor - javne dru룍e";"Osnovno뚎lska ali manj";"Mo뚊i";"Povpre縛e";"2018";1446
"112 Javni sektor - javne dru룍e";"Osnovno뚎lska ali manj";"Mo뚊i";"Povpre縛e";"2019";1487
"112 Javni sektor - javne dru룍e";"Osnovno뚎lska ali manj";"꾠nske";"Povpre縛e";"2009";926
"112 Javni sektor - javne dru룍e";"Osnovno뚎lska ali manj";"꾠nske";"Povpre縛e";"2010";949
"112 Javni sektor - javne dru룍e";"Osnovno뚎lska ali manj";"꾠nske";"Povpre縛e";"2011";975
"112 Javni sektor - javne dru룍e";"Osnovno뚎lska ali manj";"꾠nske";"Povpre縛e";"2012";979
"112 Javni sektor - javne dru룍e";"Osnovno뚎lska ali manj";"꾠nske";"Povpre縛e";"2013";992
"112 Javni sektor - javne dru룍e";"Osnovno뚎lska ali manj";"꾠nske";"Povpre縛e";"2014";1021
"112 Javni sektor - javne dru룍e";"Osnovno뚎lska ali manj";"꾠nske";"Povpre縛e";"2015";992
"112 Javni sektor - javne dru룍e";"Osnovno뚎lska ali manj";"꾠nske";"Povpre縛e";"2016";1011
"112 Javni sektor - javne dru룍e";"Osnovno뚎lska ali manj";"꾠nske";"Povpre縛e";"2017";1055
"112 Javni sektor - javne dru룍e";"Osnovno뚎lska ali manj";"꾠nske";"Povpre縛e";"2018";1111
"112 Javni sektor - javne dru룍e";"Osnovno뚎lska ali manj";"꾠nske";"Povpre縛e";"2019";1156
"112 Javni sektor - javne dru룍e";"Srednje뚎lska";"Spol - SKUPAJ";"Povpre縛e";"2009";1464
"112 Javni sektor - javne dru룍e";"Srednje뚎lska";"Spol - SKUPAJ";"Povpre縛e";"2010";1476
"112 Javni sektor - javne dru룍e";"Srednje뚎lska";"Spol - SKUPAJ";"Povpre縛e";"2011";1529
"112 Javni sektor - javne dru룍e";"Srednje뚎lska";"Spol - SKUPAJ";"Povpre縛e";"2012";1544
"112 Javni sektor - javne dru룍e";"Srednje뚎lska";"Spol - SKUPAJ";"Povpre縛e";"2013";1557
"112 Javni sektor - javne dru룍e";"Srednje뚎lska";"Spol - SKUPAJ";"Povpre縛e";"2014";1595
"112 Javni sektor - javne dru룍e";"Srednje뚎lska";"Spol - SKUPAJ";"Povpre縛e";"2015";1583
"112 Javni sektor - javne dru룍e";"Srednje뚎lska";"Spol - SKUPAJ";"Povpre縛e";"2016";1595
"112 Javni sektor - javne dru룍e";"Srednje뚎lska";"Spol - SKUPAJ";"Povpre縛e";"2017";1621
"112 Javni sektor - javne dru룍e";"Srednje뚎lska";"Spol - SKUPAJ";"Povpre縛e";"2018";1691
"112 Javni sektor - javne dru룍e";"Srednje뚎lska";"Spol - SKUPAJ";"Povpre縛e";"2019";1724
"112 Javni sektor - javne dru룍e";"Srednje뚎lska";"Mo뚊i";"Povpre縛e";"2009";1524
"112 Javni sektor - javne dru룍e";"Srednje뚎lska";"Mo뚊i";"Povpre縛e";"2010";1542
"112 Javni sektor - javne dru룍e";"Srednje뚎lska";"Mo뚊i";"Povpre縛e";"2011";1625
"112 Javni sektor - javne dru룍e";"Srednje뚎lska";"Mo뚊i";"Povpre縛e";"2012";1635
"112 Javni sektor - javne dru룍e";"Srednje뚎lska";"Mo뚊i";"Povpre縛e";"2013";1650
"112 Javni sektor - javne dru룍e";"Srednje뚎lska";"Mo뚊i";"Povpre縛e";"2014";1699
"112 Javni sektor - javne dru룍e";"Srednje뚎lska";"Mo뚊i";"Povpre縛e";"2015";1690
"112 Javni sektor - javne dru룍e";"Srednje뚎lska";"Mo뚊i";"Povpre縛e";"2016";1714
"112 Javni sektor - javne dru룍e";"Srednje뚎lska";"Mo뚊i";"Povpre縛e";"2017";1749
"112 Javni sektor - javne dru룍e";"Srednje뚎lska";"Mo뚊i";"Povpre縛e";"2018";1822
"112 Javni sektor - javne dru룍e";"Srednje뚎lska";"Mo뚊i";"Povpre縛e";"2019";1852
"112 Javni sektor - javne dru룍e";"Srednje뚎lska";"꾠nske";"Povpre縛e";"2009";1352
"112 Javni sektor - javne dru룍e";"Srednje뚎lska";"꾠nske";"Povpre縛e";"2010";1354
"112 Javni sektor - javne dru룍e";"Srednje뚎lska";"꾠nske";"Povpre縛e";"2011";1382
"112 Javni sektor - javne dru룍e";"Srednje뚎lska";"꾠nske";"Povpre縛e";"2012";1390
"112 Javni sektor - javne dru룍e";"Srednje뚎lska";"꾠nske";"Povpre縛e";"2013";1391
"112 Javni sektor - javne dru룍e";"Srednje뚎lska";"꾠nske";"Povpre縛e";"2014";1410
"112 Javni sektor - javne dru룍e";"Srednje뚎lska";"꾠nske";"Povpre縛e";"2015";1388
"112 Javni sektor - javne dru룍e";"Srednje뚎lska";"꾠nske";"Povpre縛e";"2016";1385
"112 Javni sektor - javne dru룍e";"Srednje뚎lska";"꾠nske";"Povpre縛e";"2017";1395
"112 Javni sektor - javne dru룍e";"Srednje뚎lska";"꾠nske";"Povpre縛e";"2018";1454
"112 Javni sektor - javne dru룍e";"Srednje뚎lska";"꾠nske";"Povpre縛e";"2019";1480
"112 Javni sektor - javne dru룍e";"Vi뚉e뚎lska, visoko뚎lska";"Spol - SKUPAJ";"Povpre縛e";"2009";2656
"112 Javni sektor - javne dru룍e";"Vi뚉e뚎lska, visoko뚎lska";"Spol - SKUPAJ";"Povpre縛e";"2010";2612
"112 Javni sektor - javne dru룍e";"Vi뚉e뚎lska, visoko뚎lska";"Spol - SKUPAJ";"Povpre縛e";"2011";2655
"112 Javni sektor - javne dru룍e";"Vi뚉e뚎lska, visoko뚎lska";"Spol - SKUPAJ";"Povpre縛e";"2012";2642
"112 Javni sektor - javne dru룍e";"Vi뚉e뚎lska, visoko뚎lska";"Spol - SKUPAJ";"Povpre縛e";"2013";2607
"112 Javni sektor - javne dru룍e";"Vi뚉e뚎lska, visoko뚎lska";"Spol - SKUPAJ";"Povpre縛e";"2014";2643
"112 Javni sektor - javne dru룍e";"Vi뚉e뚎lska, visoko뚎lska";"Spol - SKUPAJ";"Povpre縛e";"2015";2665
"112 Javni sektor - javne dru룍e";"Vi뚉e뚎lska, visoko뚎lska";"Spol - SKUPAJ";"Povpre縛e";"2016";2677
"112 Javni sektor - javne dru룍e";"Vi뚉e뚎lska, visoko뚎lska";"Spol - SKUPAJ";"Povpre縛e";"2017";2691
"112 Javni sektor - javne dru룍e";"Vi뚉e뚎lska, visoko뚎lska";"Spol - SKUPAJ";"Povpre縛e";"2018";2770
"112 Javni sektor - javne dru룍e";"Vi뚉e뚎lska, visoko뚎lska";"Spol - SKUPAJ";"Povpre縛e";"2019";2812
"112 Javni sektor - javne dru룍e";"Vi뚉e뚎lska, visoko뚎lska";"Mo뚊i";"Povpre縛e";"2009";2958
"112 Javni sektor - javne dru룍e";"Vi뚉e뚎lska, visoko뚎lska";"Mo뚊i";"Povpre縛e";"2010";2888
"112 Javni sektor - javne dru룍e";"Vi뚉e뚎lska, visoko뚎lska";"Mo뚊i";"Povpre縛e";"2011";2949
"112 Javni sektor - javne dru룍e";"Vi뚉e뚎lska, visoko뚎lska";"Mo뚊i";"Povpre縛e";"2012";2934
"112 Javni sektor - javne dru룍e";"Vi뚉e뚎lska, visoko뚎lska";"Mo뚊i";"Povpre縛e";"2013";2884
"112 Javni sektor - javne dru룍e";"Vi뚉e뚎lska, visoko뚎lska";"Mo뚊i";"Povpre縛e";"2014";2938
"112 Javni sektor - javne dru룍e";"Vi뚉e뚎lska, visoko뚎lska";"Mo뚊i";"Povpre縛e";"2015";2952
"112 Javni sektor - javne dru룍e";"Vi뚉e뚎lska, visoko뚎lska";"Mo뚊i";"Povpre縛e";"2016";2981
"112 Javni sektor - javne dru룍e";"Vi뚉e뚎lska, visoko뚎lska";"Mo뚊i";"Povpre縛e";"2017";3002
"112 Javni sektor - javne dru룍e";"Vi뚉e뚎lska, visoko뚎lska";"Mo뚊i";"Povpre縛e";"2018";3092
"112 Javni sektor - javne dru룍e";"Vi뚉e뚎lska, visoko뚎lska";"Mo뚊i";"Povpre縛e";"2019";3126
"112 Javni sektor - javne dru룍e";"Vi뚉e뚎lska, visoko뚎lska";"꾠nske";"Povpre縛e";"2009";2353
"112 Javni sektor - javne dru룍e";"Vi뚉e뚎lska, visoko뚎lska";"꾠nske";"Povpre縛e";"2010";2335
"112 Javni sektor - javne dru룍e";"Vi뚉e뚎lska, visoko뚎lska";"꾠nske";"Povpre縛e";"2011";2374
"112 Javni sektor - javne dru룍e";"Vi뚉e뚎lska, visoko뚎lska";"꾠nske";"Povpre縛e";"2012";2358
"112 Javni sektor - javne dru룍e";"Vi뚉e뚎lska, visoko뚎lska";"꾠nske";"Povpre縛e";"2013";2327
"112 Javni sektor - javne dru룍e";"Vi뚉e뚎lska, visoko뚎lska";"꾠nske";"Povpre縛e";"2014";2352
"112 Javni sektor - javne dru룍e";"Vi뚉e뚎lska, visoko뚎lska";"꾠nske";"Povpre縛e";"2015";2372
"112 Javni sektor - javne dru룍e";"Vi뚉e뚎lska, visoko뚎lska";"꾠nske";"Povpre縛e";"2016";2376
"112 Javni sektor - javne dru룍e";"Vi뚉e뚎lska, visoko뚎lska";"꾠nske";"Povpre縛e";"2017";2390
"112 Javni sektor - javne dru룍e";"Vi뚉e뚎lska, visoko뚎lska";"꾠nske";"Povpre縛e";"2018";2453
"112 Javni sektor - javne dru룍e";"Vi뚉e뚎lska, visoko뚎lska";"꾠nske";"Povpre縛e";"2019";2488
"12 Zasebni sektor - SKUPAJ";"Izobrazba - Skupaj";"Spol - SKUPAJ";"Povpre縛e";"2009";1304
"12 Zasebni sektor - SKUPAJ";"Izobrazba - Skupaj";"Spol - SKUPAJ";"Povpre縛e";"2010";1383
"12 Zasebni sektor - SKUPAJ";"Izobrazba - Skupaj";"Spol - SKUPAJ";"Povpre縛e";"2011";1430
"12 Zasebni sektor - SKUPAJ";"Izobrazba - Skupaj";"Spol - SKUPAJ";"Povpre縛e";"2012";1462
"12 Zasebni sektor - SKUPAJ";"Izobrazba - Skupaj";"Spol - SKUPAJ";"Povpre縛e";"2013";1472
"12 Zasebni sektor - SKUPAJ";"Izobrazba - Skupaj";"Spol - SKUPAJ";"Povpre縛e";"2014";1506
"12 Zasebni sektor - SKUPAJ";"Izobrazba - Skupaj";"Spol - SKUPAJ";"Povpre縛e";"2015";1536
"12 Zasebni sektor - SKUPAJ";"Izobrazba - Skupaj";"Spol - SKUPAJ";"Povpre縛e";"2016";1562
"12 Zasebni sektor - SKUPAJ";"Izobrazba - Skupaj";"Spol - SKUPAJ";"Povpre縛e";"2017";1592
"12 Zasebni sektor - SKUPAJ";"Izobrazba - Skupaj";"Spol - SKUPAJ";"Povpre縛e";"2018";1654
"12 Zasebni sektor - SKUPAJ";"Izobrazba - Skupaj";"Spol - SKUPAJ";"Povpre縛e";"2019";1719
"12 Zasebni sektor - SKUPAJ";"Izobrazba - Skupaj";"Mo뚊i";"Povpre縛e";"2009";1350
"12 Zasebni sektor - SKUPAJ";"Izobrazba - Skupaj";"Mo뚊i";"Povpre縛e";"2010";1432
"12 Zasebni sektor - SKUPAJ";"Izobrazba - Skupaj";"Mo뚊i";"Povpre縛e";"2011";1482
"12 Zasebni sektor - SKUPAJ";"Izobrazba - Skupaj";"Mo뚊i";"Povpre縛e";"2012";1513
"12 Zasebni sektor - SKUPAJ";"Izobrazba - Skupaj";"Mo뚊i";"Povpre縛e";"2013";1523
"12 Zasebni sektor - SKUPAJ";"Izobrazba - Skupaj";"Mo뚊i";"Povpre縛e";"2014";1556
"12 Zasebni sektor - SKUPAJ";"Izobrazba - Skupaj";"Mo뚊i";"Povpre縛e";"2015";1588
"12 Zasebni sektor - SKUPAJ";"Izobrazba - Skupaj";"Mo뚊i";"Povpre縛e";"2016";1616
"12 Zasebni sektor - SKUPAJ";"Izobrazba - Skupaj";"Mo뚊i";"Povpre縛e";"2017";1650
"12 Zasebni sektor - SKUPAJ";"Izobrazba - Skupaj";"Mo뚊i";"Povpre縛e";"2018";1719
"12 Zasebni sektor - SKUPAJ";"Izobrazba - Skupaj";"Mo뚊i";"Povpre縛e";"2019";1776
"12 Zasebni sektor - SKUPAJ";"Izobrazba - Skupaj";"꾠nske";"Povpre縛e";"2009";1227
"12 Zasebni sektor - SKUPAJ";"Izobrazba - Skupaj";"꾠nske";"Povpre縛e";"2010";1302
"12 Zasebni sektor - SKUPAJ";"Izobrazba - Skupaj";"꾠nske";"Povpre縛e";"2011";1344
"12 Zasebni sektor - SKUPAJ";"Izobrazba - Skupaj";"꾠nske";"Povpre縛e";"2012";1380
"12 Zasebni sektor - SKUPAJ";"Izobrazba - Skupaj";"꾠nske";"Povpre縛e";"2013";1391
"12 Zasebni sektor - SKUPAJ";"Izobrazba - Skupaj";"꾠nske";"Povpre縛e";"2014";1424
"12 Zasebni sektor - SKUPAJ";"Izobrazba - Skupaj";"꾠nske";"Povpre縛e";"2015";1451
"12 Zasebni sektor - SKUPAJ";"Izobrazba - Skupaj";"꾠nske";"Povpre縛e";"2016";1473
"12 Zasebni sektor - SKUPAJ";"Izobrazba - Skupaj";"꾠nske";"Povpre縛e";"2017";1497
"12 Zasebni sektor - SKUPAJ";"Izobrazba - Skupaj";"꾠nske";"Povpre縛e";"2018";1548
"12 Zasebni sektor - SKUPAJ";"Izobrazba - Skupaj";"꾠nske";"Povpre縛e";"2019";1622
"12 Zasebni sektor - SKUPAJ";"Osnovno뚎lska ali manj";"Spol - SKUPAJ";"Povpre縛e";"2009";873
"12 Zasebni sektor - SKUPAJ";"Osnovno뚎lska ali manj";"Spol - SKUPAJ";"Povpre縛e";"2010";939
"12 Zasebni sektor - SKUPAJ";"Osnovno뚎lska ali manj";"Spol - SKUPAJ";"Povpre縛e";"2011";989
"12 Zasebni sektor - SKUPAJ";"Osnovno뚎lska ali manj";"Spol - SKUPAJ";"Povpre縛e";"2012";1020
"12 Zasebni sektor - SKUPAJ";"Osnovno뚎lska ali manj";"Spol - SKUPAJ";"Povpre縛e";"2013";1037
"12 Zasebni sektor - SKUPAJ";"Osnovno뚎lska ali manj";"Spol - SKUPAJ";"Povpre縛e";"2014";1068
"12 Zasebni sektor - SKUPAJ";"Osnovno뚎lska ali manj";"Spol - SKUPAJ";"Povpre縛e";"2015";1094
"12 Zasebni sektor - SKUPAJ";"Osnovno뚎lska ali manj";"Spol - SKUPAJ";"Povpre縛e";"2016";1112
"12 Zasebni sektor - SKUPAJ";"Osnovno뚎lska ali manj";"Spol - SKUPAJ";"Povpre縛e";"2017";1139
"12 Zasebni sektor - SKUPAJ";"Osnovno뚎lska ali manj";"Spol - SKUPAJ";"Povpre縛e";"2018";1197
"12 Zasebni sektor - SKUPAJ";"Osnovno뚎lska ali manj";"Spol - SKUPAJ";"Povpre縛e";"2019";1240
"12 Zasebni sektor - SKUPAJ";"Osnovno뚎lska ali manj";"Mo뚊i";"Povpre縛e";"2009";912
"12 Zasebni sektor - SKUPAJ";"Osnovno뚎lska ali manj";"Mo뚊i";"Povpre縛e";"2010";981
"12 Zasebni sektor - SKUPAJ";"Osnovno뚎lska ali manj";"Mo뚊i";"Povpre縛e";"2011";1035
"12 Zasebni sektor - SKUPAJ";"Osnovno뚎lska ali manj";"Mo뚊i";"Povpre縛e";"2012";1068
"12 Zasebni sektor - SKUPAJ";"Osnovno뚎lska ali manj";"Mo뚊i";"Povpre縛e";"2013";1089
"12 Zasebni sektor - SKUPAJ";"Osnovno뚎lska ali manj";"Mo뚊i";"Povpre縛e";"2014";1123
"12 Zasebni sektor - SKUPAJ";"Osnovno뚎lska ali manj";"Mo뚊i";"Povpre縛e";"2015";1153
"12 Zasebni sektor - SKUPAJ";"Osnovno뚎lska ali manj";"Mo뚊i";"Povpre縛e";"2016";1176
"12 Zasebni sektor - SKUPAJ";"Osnovno뚎lska ali manj";"Mo뚊i";"Povpre縛e";"2017";1207
"12 Zasebni sektor - SKUPAJ";"Osnovno뚎lska ali manj";"Mo뚊i";"Povpre縛e";"2018";1268
"12 Zasebni sektor - SKUPAJ";"Osnovno뚎lska ali manj";"Mo뚊i";"Povpre縛e";"2019";1308
"12 Zasebni sektor - SKUPAJ";"Osnovno뚎lska ali manj";"꾠nske";"Povpre縛e";"2009";798
"12 Zasebni sektor - SKUPAJ";"Osnovno뚎lska ali manj";"꾠nske";"Povpre縛e";"2010";861
"12 Zasebni sektor - SKUPAJ";"Osnovno뚎lska ali manj";"꾠nske";"Povpre縛e";"2011";907
"12 Zasebni sektor - SKUPAJ";"Osnovno뚎lska ali manj";"꾠nske";"Povpre縛e";"2012";934
"12 Zasebni sektor - SKUPAJ";"Osnovno뚎lska ali manj";"꾠nske";"Povpre縛e";"2013";950
"12 Zasebni sektor - SKUPAJ";"Osnovno뚎lska ali manj";"꾠nske";"Povpre縛e";"2014";974
"12 Zasebni sektor - SKUPAJ";"Osnovno뚎lska ali manj";"꾠nske";"Povpre縛e";"2015";995
"12 Zasebni sektor - SKUPAJ";"Osnovno뚎lska ali manj";"꾠nske";"Povpre縛e";"2016";1004
"12 Zasebni sektor - SKUPAJ";"Osnovno뚎lska ali manj";"꾠nske";"Povpre縛e";"2017";1027
"12 Zasebni sektor - SKUPAJ";"Osnovno뚎lska ali manj";"꾠nske";"Povpre縛e";"2018";1077
"12 Zasebni sektor - SKUPAJ";"Osnovno뚎lska ali manj";"꾠nske";"Povpre縛e";"2019";1118
"12 Zasebni sektor - SKUPAJ";"Srednje뚎lska";"Spol - SKUPAJ";"Povpre縛e";"2009";1144
"12 Zasebni sektor - SKUPAJ";"Srednje뚎lska";"Spol - SKUPAJ";"Povpre縛e";"2010";1205
"12 Zasebni sektor - SKUPAJ";"Srednje뚎lska";"Spol - SKUPAJ";"Povpre縛e";"2011";1237
"12 Zasebni sektor - SKUPAJ";"Srednje뚎lska";"Spol - SKUPAJ";"Povpre縛e";"2012";1253
"12 Zasebni sektor - SKUPAJ";"Srednje뚎lska";"Spol - SKUPAJ";"Povpre縛e";"2013";1262
"12 Zasebni sektor - SKUPAJ";"Srednje뚎lska";"Spol - SKUPAJ";"Povpre縛e";"2014";1290
"12 Zasebni sektor - SKUPAJ";"Srednje뚎lska";"Spol - SKUPAJ";"Povpre縛e";"2015";1312
"12 Zasebni sektor - SKUPAJ";"Srednje뚎lska";"Spol - SKUPAJ";"Povpre縛e";"2016";1332
"12 Zasebni sektor - SKUPAJ";"Srednje뚎lska";"Spol - SKUPAJ";"Povpre縛e";"2017";1351
"12 Zasebni sektor - SKUPAJ";"Srednje뚎lska";"Spol - SKUPAJ";"Povpre縛e";"2018";1408
"12 Zasebni sektor - SKUPAJ";"Srednje뚎lska";"Spol - SKUPAJ";"Povpre縛e";"2019";1463
"12 Zasebni sektor - SKUPAJ";"Srednje뚎lska";"Mo뚊i";"Povpre縛e";"2009";1193
"12 Zasebni sektor - SKUPAJ";"Srednje뚎lska";"Mo뚊i";"Povpre縛e";"2010";1258
"12 Zasebni sektor - SKUPAJ";"Srednje뚎lska";"Mo뚊i";"Povpre縛e";"2011";1293
"12 Zasebni sektor - SKUPAJ";"Srednje뚎lska";"Mo뚊i";"Povpre縛e";"2012";1309
"12 Zasebni sektor - SKUPAJ";"Srednje뚎lska";"Mo뚊i";"Povpre縛e";"2013";1317
"12 Zasebni sektor - SKUPAJ";"Srednje뚎lska";"Mo뚊i";"Povpre縛e";"2014";1347
"12 Zasebni sektor - SKUPAJ";"Srednje뚎lska";"Mo뚊i";"Povpre縛e";"2015";1370
"12 Zasebni sektor - SKUPAJ";"Srednje뚎lska";"Mo뚊i";"Povpre縛e";"2016";1392
"12 Zasebni sektor - SKUPAJ";"Srednje뚎lska";"Mo뚊i";"Povpre縛e";"2017";1414
"12 Zasebni sektor - SKUPAJ";"Srednje뚎lska";"Mo뚊i";"Povpre縛e";"2018";1478
"12 Zasebni sektor - SKUPAJ";"Srednje뚎lska";"Mo뚊i";"Povpre縛e";"2019";1531
"12 Zasebni sektor - SKUPAJ";"Srednje뚎lska";"꾠nske";"Povpre縛e";"2009";1057
"12 Zasebni sektor - SKUPAJ";"Srednje뚎lska";"꾠nske";"Povpre縛e";"2010";1112
"12 Zasebni sektor - SKUPAJ";"Srednje뚎lska";"꾠nske";"Povpre縛e";"2011";1138
"12 Zasebni sektor - SKUPAJ";"Srednje뚎lska";"꾠nske";"Povpre縛e";"2012";1153
"12 Zasebni sektor - SKUPAJ";"Srednje뚎lska";"꾠nske";"Povpre縛e";"2013";1162
"12 Zasebni sektor - SKUPAJ";"Srednje뚎lska";"꾠nske";"Povpre縛e";"2014";1184
"12 Zasebni sektor - SKUPAJ";"Srednje뚎lska";"꾠nske";"Povpre縛e";"2015";1199
"12 Zasebni sektor - SKUPAJ";"Srednje뚎lska";"꾠nske";"Povpre縛e";"2016";1215
"12 Zasebni sektor - SKUPAJ";"Srednje뚎lska";"꾠nske";"Povpre縛e";"2017";1225
"12 Zasebni sektor - SKUPAJ";"Srednje뚎lska";"꾠nske";"Povpre縛e";"2018";1271
"12 Zasebni sektor - SKUPAJ";"Srednje뚎lska";"꾠nske";"Povpre縛e";"2019";1323
"12 Zasebni sektor - SKUPAJ";"Vi뚉e뚎lska, visoko뚎lska";"Spol - SKUPAJ";"Povpre縛e";"2009";2334
"12 Zasebni sektor - SKUPAJ";"Vi뚉e뚎lska, visoko뚎lska";"Spol - SKUPAJ";"Povpre縛e";"2010";2383
"12 Zasebni sektor - SKUPAJ";"Vi뚉e뚎lska, visoko뚎lska";"Spol - SKUPAJ";"Povpre縛e";"2011";2392
"12 Zasebni sektor - SKUPAJ";"Vi뚉e뚎lska, visoko뚎lska";"Spol - SKUPAJ";"Povpre縛e";"2012";2396
"12 Zasebni sektor - SKUPAJ";"Vi뚉e뚎lska, visoko뚎lska";"Spol - SKUPAJ";"Povpre縛e";"2013";2342
"12 Zasebni sektor - SKUPAJ";"Vi뚉e뚎lska, visoko뚎lska";"Spol - SKUPAJ";"Povpre縛e";"2014";2347
"12 Zasebni sektor - SKUPAJ";"Vi뚉e뚎lska, visoko뚎lska";"Spol - SKUPAJ";"Povpre縛e";"2015";2352
"12 Zasebni sektor - SKUPAJ";"Vi뚉e뚎lska, visoko뚎lska";"Spol - SKUPAJ";"Povpre縛e";"2016";2354
"12 Zasebni sektor - SKUPAJ";"Vi뚉e뚎lska, visoko뚎lska";"Spol - SKUPAJ";"Povpre縛e";"2017";2352
"12 Zasebni sektor - SKUPAJ";"Vi뚉e뚎lska, visoko뚎lska";"Spol - SKUPAJ";"Povpre縛e";"2018";2401
"12 Zasebni sektor - SKUPAJ";"Vi뚉e뚎lska, visoko뚎lska";"Spol - SKUPAJ";"Povpre縛e";"2019";2477
"12 Zasebni sektor - SKUPAJ";"Vi뚉e뚎lska, visoko뚎lska";"Mo뚊i";"Povpre縛e";"2009";2586
"12 Zasebni sektor - SKUPAJ";"Vi뚉e뚎lska, visoko뚎lska";"Mo뚊i";"Povpre縛e";"2010";2621
"12 Zasebni sektor - SKUPAJ";"Vi뚉e뚎lska, visoko뚎lska";"Mo뚊i";"Povpre縛e";"2011";2626
"12 Zasebni sektor - SKUPAJ";"Vi뚉e뚎lska, visoko뚎lska";"Mo뚊i";"Povpre縛e";"2012";2630
"12 Zasebni sektor - SKUPAJ";"Vi뚉e뚎lska, visoko뚎lska";"Mo뚊i";"Povpre縛e";"2013";2557
"12 Zasebni sektor - SKUPAJ";"Vi뚉e뚎lska, visoko뚎lska";"Mo뚊i";"Povpre縛e";"2014";2549
"12 Zasebni sektor - SKUPAJ";"Vi뚉e뚎lska, visoko뚎lska";"Mo뚊i";"Povpre縛e";"2015";2555
"12 Zasebni sektor - SKUPAJ";"Vi뚉e뚎lska, visoko뚎lska";"Mo뚊i";"Povpre縛e";"2016";2563
"12 Zasebni sektor - SKUPAJ";"Vi뚉e뚎lska, visoko뚎lska";"Mo뚊i";"Povpre縛e";"2017";2563
"12 Zasebni sektor - SKUPAJ";"Vi뚉e뚎lska, visoko뚎lska";"Mo뚊i";"Povpre縛e";"2018";2632
"12 Zasebni sektor - SKUPAJ";"Vi뚉e뚎lska, visoko뚎lska";"Mo뚊i";"Povpre縛e";"2019";2713
"12 Zasebni sektor - SKUPAJ";"Vi뚉e뚎lska, visoko뚎lska";"꾠nske";"Povpre縛e";"2009";2040
"12 Zasebni sektor - SKUPAJ";"Vi뚉e뚎lska, visoko뚎lska";"꾠nske";"Povpre縛e";"2010";2104
"12 Zasebni sektor - SKUPAJ";"Vi뚉e뚎lska, visoko뚎lska";"꾠nske";"Povpre縛e";"2011";2124
"12 Zasebni sektor - SKUPAJ";"Vi뚉e뚎lska, visoko뚎lska";"꾠nske";"Povpre縛e";"2012";2134
"12 Zasebni sektor - SKUPAJ";"Vi뚉e뚎lska, visoko뚎lska";"꾠nske";"Povpre縛e";"2013";2101
"12 Zasebni sektor - SKUPAJ";"Vi뚉e뚎lska, visoko뚎lska";"꾠nske";"Povpre縛e";"2014";2116
"12 Zasebni sektor - SKUPAJ";"Vi뚉e뚎lska, visoko뚎lska";"꾠nske";"Povpre縛e";"2015";2121
"12 Zasebni sektor - SKUPAJ";"Vi뚉e뚎lska, visoko뚎lska";"꾠nske";"Povpre縛e";"2016";2117
"12 Zasebni sektor - SKUPAJ";"Vi뚉e뚎lska, visoko뚎lska";"꾠nske";"Povpre縛e";"2017";2114
"12 Zasebni sektor - SKUPAJ";"Vi뚉e뚎lska, visoko뚎lska";"꾠nske";"Povpre縛e";"2018";2147
"12 Zasebni sektor - SKUPAJ";"Vi뚉e뚎lska, visoko뚎lska";"꾠nske";"Povpre縛e";"2019";2222
